{
  "project_info": {
    "project_number": "925133559177",
    "firebase_url": "https://financials-records-application.firebaseio.com",
    "project_id": "financials-records-application",
    "storage_bucket": "financials-records-application.appspot.com"
  },
  "client": [
    {
      "client_info": {
        "mobilesdk_app_id": "1:925133559177:android:8465eccc1cfeb7ff1d3d58",
        "android_client_info": {
          "package_name": "com.example.finalrecord"
        }
      },
      "oauth_client": [
        {
          "client_id": "925133559177-ai6pqg6qfnnolj67k3mjq8ja0p0dqbb4.apps.googleusercontent.com",
          "client_type": 1,
          "android_info": {
            "package_name": "com.example.finalrecord",
            "certificate_hash": "b24ea77eb81eb821a8ee5bd7e8a12475aa67d7f8"
          }
        },
        {
          "client_id": "925133559177-pltj4f2pii4fsuq78k0q8g93igrob6t6.apps.googleusercontent.com",
          "client_type": 3
        }
      ],
      "api_key": [
        {
          "current_key": "AIzaSyDVsw23wtraHJdg5XWJxYlzEaEi0IGnkMQ"
        }
      ],
      "services": {
        "appinvite_service": {
          "other_platform_oauth_client": [
            {
              "client_id": "925133559177-pltj4f2pii4fsuq78k0q8g93igrob6t6.apps.googleusercontent.com",
              "client_type": 3
            }
          ]
        }
      }
    }
  ],
  "configuration_version": "1"
}